index,description
0,A tech-savvy college student majoring in computer science who is always on the lookout for the latest gadgets and software updates.
1,A middle-aged marketing executive who relies heavily on digital tools for work but struggles to keep up with rapidly changing technology.
2,A retired elementary school teacher who is curious about technology but often feels overwhelmed by its complexity.
3,"A young entrepreneur running a startup, constantly seeking innovative ways to leverage technology for business growth."
4,A stay-at-home parent who uses technology primarily for managing household tasks and keeping in touch with family.
5,"A high school student who is a gaming enthusiast and aspiring game developer, always eager to learn about new gaming technologies."
6,A freelance graphic designer who depends on various software and hardware to create cutting-edge designs for clients.
7,A medical professional interested in how technology can improve patient care and streamline healthcare processes.
8,A small business owner looking to understand how technology can help expand their online presence and improve customer service.
9,A social media influencer constantly exploring new platforms and features to engage with their growing audience.
10,An environmental activist researching how technology can be used to address climate change and promote sustainability.
11,A senior citizen who is learning to use smartphones and tablets to stay connected with family and access online services.
12,A cybersecurity analyst always on the lookout for emerging threats and new protection strategies in the digital landscape.
13,A travel blogger who relies on various apps and gadgets to document and share experiences from around the world.
14,A fitness enthusiast exploring wearable technology and fitness apps to optimize their workout routines and track health metrics.
15,"A librarian adapting to the digital age by learning about e-books, online databases, and digital archiving techniques."
16,"A amateur photographer transitioning from traditional to digital photography, exploring editing software and online sharing platforms."
17,A car mechanic adjusting to the increasing presence of computer systems and diagnostic tools in modern vehicles.
18,A musician experimenting with digital audio workstations and virtual instruments to produce and distribute their music independently.
19,A financial advisor staying informed about fintech innovations and cryptocurrency trends to better serve their clients.
20,A urban planner interested in smart city technologies and how they can improve urban living and sustainability.
21,"A chef exploring how technology can enhance culinary experiences, from recipe apps to smart kitchen appliances."
22,A language teacher incorporating language learning apps and online resources into their curriculum to engage students.
23,A privacy advocate concerned about the impact of technology on personal data and digital rights in the modern world.
24,A virtual reality developer pushing the boundaries of immersive experiences for gaming and educational applications.
25,A data scientist using advanced analytics and machine learning to extract insights from large datasets across various industries.
26,A fashion designer incorporating wearable technology and smart fabrics into cutting-edge clothing designs.
27,A agricultural technologist developing IoT solutions for precision farming and sustainable agriculture practices.
28,A podcast producer leveraging digital audio technologies to create and distribute engaging content to a global audience.
29,A robotics engineer working on autonomous systems for manufacturing and healthcare applications.
30,A digital artist exploring new mediums like NFTs and generative art using blockchain technology.
31,A space technology enthusiast following developments in satellite communications and space exploration technologies.
32,A human resources manager adapting to AI-driven recruitment tools and digital employee engagement platforms.
33,A bioinformatician using computational tools to analyze genomic data for medical research and personalized medicine.
34,A logistics coordinator implementing blockchain and IoT solutions to optimize supply chain management.
35,A museum curator integrating augmented reality and interactive displays to enhance visitor experiences in exhibitions.
36,A quantum computing researcher exploring the potential applications of this emerging technology in cryptography and optimization problems.
37,A drone enthusiast experimenting with aerial photography and videography for both personal and commercial projects.
38,A telemedicine specialist adapting to remote healthcare delivery through video consultations and digital health monitoring tools.
39,A voice actor learning to use home studio equipment and digital audio editing software for remote recording sessions.
40,An e-sports coach analyzing game strategies and player performance using advanced analytics and visualization tools.
41,A blockchain developer creating decentralized applications and smart contracts for various industries.
42,A digital nomad relying on cloud-based tools and mobile technologies to work remotely from different locations around the world.
43,An accessibility specialist ensuring digital products and services are usable by people with diverse abilities and needs.
44,A 3D printing enthusiast exploring new materials and techniques for creating custom objects and prototypes at home.
45,A climate scientist using advanced computer models and big data analysis to study and predict global climate patterns.
46,A digital archaeologist using LiDAR technology and photogrammetry to document and preserve historical sites and artifacts.
47,A neurotechnology researcher developing brain-computer interfaces for assistive technologies and cognitive enhancement.
48,A cryptocurrency trader closely monitoring market trends and blockchain developments to make informed investment decisions.
49,A digital ethics professor exploring the societal implications of emerging technologies like AI and genetic engineering.
50,A marine biologist using underwater drones and sensors to study ocean ecosystems and monitor marine life.
51,A professional gamer livestreaming their gameplay and engaging with fans through various social media platforms.
52,A renewable energy engineer developing smart grid technologies and energy management systems for sustainable power distribution.
53,A virtual event planner adapting traditional conference experiences to immersive online platforms and networking tools.
54,A cognitive scientist studying the effects of technology use on brain function and human behavior.
55,A prop maker for film and theater incorporating 3D printing and programmable LED technology into their creations.
56,A meditation app developer integrating biofeedback sensors and AI-driven personalization for stress reduction.
57,A space debris removal specialist designing technologies to clean up Earth's orbit and ensure safe satellite operations.
58,A digital forensics expert using advanced software tools to investigate cybercrimes and recover digital evidence.
59,A synthetic biology researcher using CRISPR technology and computational modeling to design novel organisms for various applications.
60,A nanotechnology researcher developing microscopic robots for targeted drug delivery and non-invasive medical treatments.
61,A digital heritage conservator using virtual and augmented reality to preserve and showcase cultural artifacts and historical sites.
62,An autonomous vehicle safety tester evaluating the performance and reliability of self-driving cars in various traffic scenarios.
63,A biohacker experimenting with DIY gene editing kits and tracking personal health data through implantable sensors.
64,A quantum cryptography specialist developing unhackable communication systems for government and financial institutions.
65,An AI ethics consultant advising companies on responsible development and deployment of artificial intelligence technologies.
66,A vertical farming technologist designing automated hydroponic systems for sustainable urban agriculture.
67,A digital twin engineer creating virtual replicas of physical assets for predictive maintenance in manufacturing and infrastructure.
68,A neuromarketing researcher using EEG and eye-tracking technologies to analyze consumer behavior and optimize advertising strategies.
69,A space tourism coordinator preparing civilians for suborbital flights and developing safety protocols for commercial space travel.
70,A synthetic media detective specializing in identifying and combating deepfakes and other AI-generated misinformation.
71,A human-robot interaction designer creating intuitive interfaces for collaborative robots in healthcare and eldercare settings.
72,A smart city planner integrating IoT sensors and data analytics to optimize urban infrastructure and improve quality of life for residents.
73,"A holographic display designer creating immersive 3D visualizations for entertainment, education, and professional presentations."
74,A quantum machine learning researcher developing algorithms that leverage quantum computing to revolutionize AI capabilities.
75,A brain-computer interface developer working on non-invasive neural implants for controlling prosthetics and external devices.
76,A space debris tracking specialist using advanced radar and optical systems to monitor and predict orbital collision risks.
77,A blockchain-based voting system architect designing secure and transparent digital election platforms for governments.
78,A bionic limb engineer creating advanced prosthetics with enhanced sensory feedback and natural movement control.
79,"A digital scent technologist developing devices to capture, transmit, and reproduce odors for virtual reality experiences."
80,An AI-powered personal stylist integrating computer vision and fashion trends to provide customized clothing recommendations.
81,"A synthetic food scientist using cellular agriculture and 3D printing to create sustainable, lab-grown meat alternatives."
82,"A quantum sensor developer creating ultra-sensitive devices for medical diagnostics, environmental monitoring, and navigation systems."
83,"A neurofeedback therapist using EEG-based video games to treat ADHD, anxiety, and other mental health conditions."
84,A hyperloop engineer working on high-speed transportation systems that could revolutionize long-distance travel.
85,A digital twin psychologist creating virtual replicas of patients to simulate and predict mental health treatments.
86,An AI-assisted legal researcher using natural language processing to analyze vast amounts of case law and legal documents.
87,A space debris removal specialist designing satellites to capture and de-orbit defunct spacecraft and space junk.
88,"A synthetic media artist creating hyper-realistic digital humans for film, advertising, and virtual influencer campaigns."
89,A quantum encryption specialist developing unbreakable communication systems for government and financial institutions.
90,A neuro-gaming developer creating brain-controlled video games for entertainment and cognitive rehabilitation.
91,A gene therapy researcher using CRISPR technology to develop personalized treatments for genetic disorders.
92,A smart fabric designer integrating flexible electronics and sensors into clothing for health monitoring and adaptive comfort.
93,A haptic technology engineer creating touch-based feedback systems for virtual reality and remote robotic control.
94,A quantum computing educator developing curricula and tools to teach the next generation about this emerging field.
95,A bioprinting specialist using 3D printing technology to create custom organs and tissues for transplantation.
96,A molecular gastronomist experimenting with 3D food printing and edible electronics to create interactive dining experiences.
97,A digital afterlife architect designing virtual spaces and AI avatars to preserve people's memories and personalities after death.
98,A quantum art curator organizing exhibitions that showcase artworks created using quantum algorithms and quantum-inspired techniques.
99,A cyborg anthropologist studying the cultural impact of human-technology integration and the evolution of digital identities.
100,A nanomedicine researcher developing targeted drug delivery systems using DNA origami and molecular machines.
101,A semiotic AI trainer working on natural language models that can understand and generate complex metaphors and cultural references.
102,A neuro-architectural designer creating spaces that optimize cognitive function and emotional well-being through sensory stimulation.
103,A time banking coordinator managing a digital platform for community skill exchanges and alternative economic systems.
104,A holographic telepresence specialist developing immersive communication technologies for remote work and virtual collaboration.
105,A synthetic ecosystem engineer designing artificial biospheres for space colonization and terrestrial climate adaptation.
106,A quantum finance analyst using quantum computing to optimize investment strategies and predict market fluctuations.
107,A neuromarketing ethicist developing guidelines for the responsible use of brain data in advertising and consumer research.
108,A neurodiversity advocate exploring how technology can be adapted to support individuals with various cognitive differences in education and the workplace.
109,A digital detox coach helping clients find a healthy balance between technology use and offline experiences through personalized strategies and workshops.
110,A sentient AI rights activist debating the ethical implications of advanced artificial intelligence and advocating for guidelines on AI development and deployment.
111,A bioengineered art curator organizing exhibitions that showcase living artworks created through synthetic biology and genetic engineering techniques.
112,"A quantum computing ethicist developing frameworks to address the potential societal impacts of quantum technologies on privacy, security, and economic systems."
113,A digital nutrition consultant helping individuals optimize their information consumption habits for improved mental health and productivity in the digital age.
114,A techno-shaman integrating ancient spiritual practices with cutting-edge virtual reality and biofeedback technologies for personal growth and healing.
115,"A solar sail engineer designing ultra-thin, reflective materials for propelling spacecraft using the pressure of sunlight for interplanetary exploration."
116,A synthetic sense developer creating devices that allow humans to experience novel sensory inputs beyond the traditional five senses.
117,A quantum blockchain architect designing next-generation distributed ledger systems that leverage quantum resistance for enhanced security and efficiency.
118,A techno-archaeologist using advanced imaging and AI analysis to uncover and interpret ancient technologies and engineering methods.
119,A human-animal communication researcher developing AI-powered translation systems to facilitate interspecies understanding and cooperation.
120,A digital nomad lifestyle coach helping remote workers optimize their technology setups and work-life balance while traveling the world.
121,A space weather forecaster monitoring solar activity and developing predictive models to protect Earth's technological infrastructure from geomagnetic storms.
122,A quantum artist creating generative artworks using quantum random number generators and exploring the aesthetic potential of quantum uncertainty.
123,"A techno-theologian exploring the intersection of faith and technology, considering the spiritual implications of AI, transhumanism, and digital afterlife concepts."
124,A synthetic biology educator developing interactive simulations and hands-on kits to teach students about genetic engineering and its potential applications.
125,A robotic ethologist studying the behavior of autonomous robots in natural environments to improve their adaptability and decision-making capabilities.
126,"A digital folklore archivist collecting and preserving internet memes, viral content, and online cultural phenomena for future historical analysis."
127,A neuro-ergonomics consultant designing brain-computer interfaces and adaptive workspaces to enhance cognitive performance and reduce mental fatigue.
128,A quantum game designer creating multiplayer experiences that incorporate quantum mechanics principles into gameplay and puzzle-solving mechanics.
129,A techno-ecologist developing AI-powered systems for monitoring and maintaining the health of urban ecosystems and green infrastructure.
130,A human-AI collaboration coach training individuals and teams to effectively work alongside artificial intelligence systems in various professional fields.
131,"A digital anthropologist studying the evolution of online communities and virtual societies, analyzing their customs, languages, and social structures."
132,"A metaverse architect designing immersive virtual worlds for social interactions, commerce, and education in the expanding digital universe."
133,A neural interface designer creating non-invasive brain-computer interfaces for seamless human-machine communication and control.
134,A quantum cryptanalyst working to develop new encryption methods that can withstand attacks from future quantum computers.
135,A synthetic biology artist creating living sculptures and interactive installations using genetically modified organisms and bioluminescent bacteria.
136,A techno-linguist developing AI systems to preserve and revitalize endangered languages through interactive learning platforms and virtual reality immersion.
137,"A space debris artist repurposing defunct satellites and space junk into orbital sculptures visible from Earth, raising awareness about space sustainability."
138,A neuro-fashion designer creating adaptive clothing that responds to the wearer's brainwaves and emotional states for personalized comfort and expression.
139,A quantum social scientist using quantum-inspired models to analyze complex social networks and predict emergent collective behaviors.
140,A holographic gastronomy chef combining molecular cuisine techniques with 3D light projections to create multi-sensory dining experiences.
141,A digital empathy trainer developing AI-powered simulations to help people improve their emotional intelligence and cross-cultural communication skills.
142,"A techno-rewilding specialist using drones, sensors, and AI to monitor and support the reintroduction of extinct species into restored ecosystems."
143,A quantum consciousness researcher exploring the potential role of quantum effects in human cognition and developing tests for quantum-enhanced mental capabilities.
144,A biomimicry engineer studying natural systems to design sustainable technologies and materials inspired by nature's solutions.
145,A digital privacy advocate developing user-friendly encryption tools and educating the public on protecting personal data online.
146,A space tourism experience designer creating immersive training programs and entertainment for civilian space travelers.
147,A neuroaesthetics researcher studying how different digital art forms and virtual environments impact brain activity and emotional responses.
148,A quantum music composer using quantum algorithms and quantum-generated random numbers to create unique soundscapes and compositions.
149,A digital ethnographer studying online subcultures and virtual communities to understand emerging social trends and digital behaviors.
150,A techno-shamanic retreat organizer blending ancient wisdom practices with cutting-edge virtual reality and biofeedback technologies for personal growth experiences.
151,A human-robot etiquette consultant developing social protocols and communication guidelines for interactions between humans and advanced AI systems.
152,A synthetic ecosystem architect designing self-sustaining biospheres for space habitats and extreme terrestrial environments.
153,A quantum healthcare strategist exploring applications of quantum computing in personalized medicine and drug discovery.
154,A techno-archaeologist using advanced imaging technologies and AI analysis to uncover and interpret ancient artifacts and structures.
155,"A digital memorialist creating interactive, AI-powered virtual spaces to preserve and celebrate the lives and stories of deceased individuals."
156,A cognitive enhancement enthusiast experimenting with nootropics and brain-training apps to optimize mental performance and memory.
157,"A digital nomad family coach helping parents balance remote work, online education, and family life while traveling the world."
158,A quantum art therapist using quantum-generated imagery and virtual reality to create immersive healing experiences for patients with mental health issues.
159,A techno-paranormal investigator using advanced sensors and AI analysis to explore and document unexplained phenomena.
160,A synthetic empathy designer developing AI systems capable of understanding and responding to human emotions in healthcare and customer service settings.
161,A space agriculture specialist creating hydroponic and aeroponic systems for sustainable food production in off-world colonies.
162,"A digital addiction counselor specializing in treating individuals struggling with excessive use of social media, gaming, and virtual reality platforms."
163,"A quantum fashion designer incorporating principles of quantum mechanics into clothing that can change color, pattern, and shape in response to environmental stimuli."
164,A techno-futurist author writing speculative fiction that explores the societal implications of emerging technologies like artificial general intelligence and mind uploading.
165,A neural interface ethicist developing guidelines and regulations for the responsible use of brain-computer interfaces in medical and consumer applications.
166,"A digital afterlife lawyer specializing in the legal aspects of managing and inheriting digital assets, online identities, and AI-powered virtual avatars after death."
167,A quantum education gamification expert creating interactive learning experiences that use quantum principles to teach complex scientific concepts to students of all ages.
168,A cyber-physical systems architect designing interconnected networks of smart devices and AI agents for optimizing urban infrastructure and energy management.
169,A xenolinguistics researcher developing AI algorithms to decipher and translate potential extraterrestrial communication signals.
170,A molecular gastronomy chef experimenting with 3D-printed food and edible holograms to create multi-sensory dining experiences.
171,"A digital democracy advocate developing blockchain-based voting systems and online platforms for transparent, decentralized governance."
172,A quantum consciousness explorer studying the potential role of quantum effects in human cognition and spiritual experiences.
173,A human-animal communication researcher using AI and brain-computer interfaces to facilitate interspecies understanding and cooperation.
174,A techno-archaeologist using advanced imaging technologies and AI analysis to uncover and interpret ancient lost civilizations and their technologies.
175,A synthetic ecosystem engineer designing artificial biomes for terraforming projects on Mars and other potentially habitable planets.
176,A neuro-advertising ethicist developing guidelines for the responsible use of brain data and emotional AI in marketing and consumer research.
177,A quantum cryptography artist creating unbreakable encoded messages and puzzles using principles of quantum entanglement and superposition.
178,A digital mindfulness coach helping individuals cultivate presence and emotional balance in an increasingly virtual and hyperconnected world.
179,"A techno-shaman integrating virtual reality, biofeedback, and traditional plant medicines to facilitate transformative healing experiences."
180,A human-robot intimacy counselor helping individuals and couples navigate relationships with advanced AI companions and sexbots.
181,A quantum philosopher exploring the implications of many-worlds interpretation and quantum consciousness on ethics and free will.
182,"A synthetic biology artist creating living, evolving artworks using genetically modified organisms and bioengineered ecosystems."
183,A space elevator engineer working on the development of carbon nanotube tethers and climber technologies for Earth-to-orbit transportation.
184,A neuro-architectural designer creating adaptive living spaces that respond to occupants' brainwaves and emotional states.
185,"A digital folklore curator preserving and studying the evolution of memes, viral trends, and online cultural phenomena."
186,"A quantum game theorist applying principles of quantum mechanics to develop new strategies for economics, politics, and conflict resolution."
187,A synthetic sense inventor creating devices that allow humans to experience novel sensory inputs beyond the traditional five senses.
188,A techno-spiritual guide integrating AI-powered meditation apps with traditional mindfulness practices for personal growth.
189,A human-plant communication researcher developing biosensors and AI algorithms to interpret and respond to plant signaling.
190,A quantum social network architect designing platforms that leverage quantum entanglement for instantaneous global communication.
191,A digital afterlife experience designer creating immersive virtual environments for preserving and interacting with the memories of deceased loved ones.
192,A telekinetic interface developer creating systems that allow users to control devices and interact with digital environments using only their thoughts.
193,A quantum biology researcher studying how quantum effects might influence genetic mutations and evolutionary processes in living organisms.
194,A digital scent designer creating virtual olfactory experiences for VR environments and developing devices for transmitting smells over the internet.
195,A techno-empath counselor using advanced biofeedback and AI analysis to help individuals better understand and regulate their emotions in a hyper-connected world.
196,A space-time architect experimenting with gravity manipulation and time dilation effects to create unique living spaces and artistic installations.
197,A synthetic mythology creator using AI to generate new mythological narratives and belief systems for virtual worlds and fictional universes.
198,A quantum economics theorist exploring how principles of quantum mechanics could revolutionize financial models and market predictions.
199,A neuro-linguistic programmer developing AI systems that can learn and adapt to individual communication styles for more effective human-machine interaction.
200,"A biopunk fashion designer creating living, growing garments using genetically modified organisms and symbiotic bacterial cultures."
201,A digital dreamscape engineer designing shared virtual environments for collaborative dreaming and subconscious exploration.
202,A quantum art conservator using advanced imaging and particle analysis to preserve and restore artworks at the molecular level.
203,A techno-animist researcher studying how the integration of AI and IoT technologies is leading to new forms of object-oriented spirituality and digital animism.
204,A neuroplasticity coach using cutting-edge brain-training techniques and AI-assisted personalization to help clients rewire their neural pathways for improved cognitive function and emotional regulation.
205,A quantum cryptozoologist applying principles of quantum mechanics to search for and study mythical creatures in parallel universes and alternate dimensions.
206,"A synthetic ecosystem DJ mixing and manipulating live data streams from various biomes to create immersive, ever-evolving soundscapes for meditation and environmental awareness."
207,"A digital forensics archaeologist specializing in recovering and analyzing data from ancient, obsolete, or damaged storage devices to uncover lost histories and forgotten technologies."
208,A human-AI collaboration ethicist developing guidelines and best practices for equitable and mutually beneficial partnerships between humans and artificial intelligences in creative and professional fields.
209,A quantum nutrition scientist exploring how quantum effects in photosynthesis and nutrient absorption could be harnessed to create super-efficient foods and personalized diet plans.
210,A techno-linguistic preservationist using AI and virtual reality to create immersive experiences that help preserve and revitalize endangered languages and cultural practices.
211,"A bioelectric tattoo artist designing dynamic, color-changing tattoos that respond to the wearer's emotions, health status, and environmental conditions."
212,A quantum meditation guide incorporating principles of quantum entanglement and superposition into mindfulness practices for enhanced self-awareness and interconnectedness.
213,"A synthetic empathy designer creating AI systems capable of understanding and responding to complex human emotions in healthcare, education, and customer service settings."
214,"A digital urban ecologist using augmented reality and IoT sensors to visualize and optimize the hidden ecosystems within smart cities, from microbial communities to energy flows."
215,A neuro-architectural therapist designing adaptive living and working spaces that respond to occupants' brainwaves and emotional states to promote well-being and productivity.
